"palette_id","collection","order","red","green","blue","hex","status","note","name","family","type","n_colors","status_palette"
"avantgarde_bi_01","avantgarde",1,228,88,134,"#E45886","transcribed","","avantgarde_bi_01","bi","bicolor",2,"transcribed"
"avantgarde_bi_01","avantgarde",2,0,104,172,"#0068AC","transcribed","","avantgarde_bi_01","bi","bicolor",2,"transcribed"
"avantgarde_bi_02","avantgarde",1,247,219,0,"#F7DB00","transcribed","","avantgarde_bi_02","bi","bicolor",2,"transcribed"
"avantgarde_bi_02","avantgarde",2,52,166,67,"#34A643","transcribed","","avantgarde_bi_02","bi","bicolor",2,"transcribed"
"avantgarde_bi_03","avantgarde",1,200,24,57,"#C81839","transcribed","","avantgarde_bi_03","bi","bicolor",2,"transcribed"
"avantgarde_bi_03","avantgarde",2,166,117,170,"#A675AA","transcribed","","avantgarde_bi_03","bi","bicolor",2,"transcribed"
"avantgarde_bi_04","avantgarde",1,3,110,184,"#036EB8","transcribed","","avantgarde_bi_04","bi","bicolor",2,"transcribed"
"avantgarde_bi_04","avantgarde",2,252,235,239,"#FCEBEF","transcribed","","avantgarde_bi_04","bi","bicolor",2,"transcribed"
"avantgarde_bi_05","avantgarde",1,61,177,221,"#3DB1DD","transcribed","","avantgarde_bi_05","bi","bicolor",2,"transcribed"
"avantgarde_bi_05","avantgarde",2,215,66,136,"#D74288","transcribed","","avantgarde_bi_05","bi","bicolor",2,"transcribed"
"avantgarde_bi_06","avantgarde",1,164,66,149,"#A44295","transcribed","","avantgarde_bi_06","bi","bicolor",2,"transcribed"
"avantgarde_bi_06","avantgarde",2,245,200,38,"#F5C826","transcribed","","avantgarde_bi_06","bi","bicolor",2,"transcribed"
"avantgarde_bi_07","avantgarde",1,213,57,33,"#D53921","transcribed","","avantgarde_bi_07","bi","bicolor",2,"transcribed"
"avantgarde_bi_07","avantgarde",2,104,192,165,"#68C0A5","transcribed","","avantgarde_bi_07","bi","bicolor",2,"transcribed"
"avantgarde_bi_08","avantgarde",1,143,60,137,"#8F3C89","transcribed","","avantgarde_bi_08","bi","bicolor",2,"review"
"avantgarde_bi_08","avantgarde",2,239,229,49,"#EFE531","review","Blue channel is faint in the photograph; candidate B=49.","avantgarde_bi_08","bi","bicolor",2,"review"
"avantgarde_four_01","avantgarde",1,242,171,22,"#F2AB16","transcribed","","avantgarde_four_01","four","four-color",4,"transcribed"
"avantgarde_four_01","avantgarde",2,230,0,18,"#E60012","transcribed","","avantgarde_four_01","four","four-color",4,"transcribed"
"avantgarde_four_01","avantgarde",3,64,165,143,"#40A58F","transcribed","","avantgarde_four_01","four","four-color",4,"transcribed"
"avantgarde_four_01","avantgarde",4,0,116,186,"#0074BA","transcribed","","avantgarde_four_01","four","four-color",4,"transcribed"
"avantgarde_four_02","avantgarde",1,228,0,127,"#E4007F","transcribed","","avantgarde_four_02","four","four-color",4,"transcribed"
"avantgarde_four_02","avantgarde",2,0,160,233,"#00A0E9","transcribed","","avantgarde_four_02","four","four-color",4,"transcribed"
"avantgarde_four_02","avantgarde",3,255,241,0,"#FFF100","transcribed","","avantgarde_four_02","four","four-color",4,"transcribed"
"avantgarde_four_02","avantgarde",4,0,0,0,"#000000","transcribed","","avantgarde_four_02","four","four-color",4,"transcribed"
"avantgarde_four_03","avantgarde",1,200,201,208,"#C8C9D0","transcribed","","avantgarde_four_03","four","four-color",4,"transcribed"
"avantgarde_four_03","avantgarde",2,240,237,236,"#F0EDEC","transcribed","","avantgarde_four_03","four","four-color",4,"transcribed"
"avantgarde_four_03","avantgarde",3,34,168,225,"#22A8E1","transcribed","","avantgarde_four_03","four","four-color",4,"transcribed"
"avantgarde_four_03","avantgarde",4,234,90,70,"#EA5A46","transcribed","","avantgarde_four_03","four","four-color",4,"transcribed"
"avantgarde_four_04","avantgarde",1,238,128,108,"#EE806C","transcribed","","avantgarde_four_04","four","four-color",4,"transcribed"
"avantgarde_four_04","avantgarde",2,254,234,182,"#FEEAB6","transcribed","","avantgarde_four_04","four","four-color",4,"transcribed"
"avantgarde_four_04","avantgarde",3,41,181,160,"#29B5A0","transcribed","","avantgarde_four_04","four","four-color",4,"transcribed"
"avantgarde_four_04","avantgarde",4,247,203,223,"#F7CBDF","transcribed","","avantgarde_four_04","four","four-color",4,"transcribed"
"avantgarde_four_05","avantgarde",1,81,146,207,"#5192CF","transcribed","","avantgarde_four_05","four","four-color",4,"transcribed"
"avantgarde_four_05","avantgarde",2,250,220,233,"#FADCE9","transcribed","","avantgarde_four_05","four","four-color",4,"transcribed"
"avantgarde_four_05","avantgarde",3,187,228,249,"#BBE4F9","transcribed","","avantgarde_four_05","four","four-color",4,"transcribed"
"avantgarde_four_05","avantgarde",4,230,153,0,"#E69900","transcribed","","avantgarde_four_05","four","four-color",4,"transcribed"
"avantgarde_four_06","avantgarde",1,255,241,0,"#FFF100","transcribed","","avantgarde_four_06","four","four-color",4,"transcribed"
"avantgarde_four_06","avantgarde",2,34,172,56,"#22AC38","transcribed","","avantgarde_four_06","four","four-color",4,"transcribed"
"avantgarde_four_06","avantgarde",3,235,104,140,"#EB688C","transcribed","","avantgarde_four_06","four","four-color",4,"transcribed"
"avantgarde_four_06","avantgarde",4,159,160,160,"#9FA0A0","transcribed","","avantgarde_four_06","four","four-color",4,"transcribed"
"avantgarde_four_07","avantgarde",1,236,232,34,"#ECE822","transcribed","","avantgarde_four_07","four","four-color",4,"transcribed"
"avantgarde_four_07","avantgarde",2,234,89,115,"#EA5973","transcribed","","avantgarde_four_07","four","four-color",4,"transcribed"
"avantgarde_four_07","avantgarde",3,0,150,214,"#0096D6","transcribed","","avantgarde_four_07","four","four-color",4,"transcribed"
"avantgarde_four_07","avantgarde",4,156,202,67,"#9CCA43","transcribed","","avantgarde_four_07","four","four-color",4,"transcribed"
"avantgarde_multi_01","avantgarde",1,20,106,181,"#146AB5","transcribed","","avantgarde_multi_01","multi","multicolor",6,"transcribed"
"avantgarde_multi_01","avantgarde",2,235,95,86,"#EB5F56","transcribed","","avantgarde_multi_01","multi","multicolor",6,"transcribed"
"avantgarde_multi_01","avantgarde",3,220,221,221,"#DCDDDD","transcribed","","avantgarde_multi_01","multi","multicolor",6,"transcribed"
"avantgarde_multi_01","avantgarde",4,209,221,33,"#D1DD21","transcribed","","avantgarde_multi_01","multi","multicolor",6,"transcribed"
"avantgarde_multi_01","avantgarde",5,230,45,123,"#E62D7B","transcribed","","avantgarde_multi_01","multi","multicolor",6,"transcribed"
"avantgarde_multi_01","avantgarde",6,47,175,88,"#2FAF58","transcribed","","avantgarde_multi_01","multi","multicolor",6,"transcribed"
"avantgarde_multi_02","avantgarde",1,114,113,113,"#727171","transcribed","","avantgarde_multi_02","multi","multicolor",6,"transcribed"
"avantgarde_multi_02","avantgarde",2,20,106,181,"#146AB5","transcribed","","avantgarde_multi_02","multi","multicolor",6,"transcribed"
"avantgarde_multi_02","avantgarde",3,230,45,123,"#E62D7B","transcribed","","avantgarde_multi_02","multi","multicolor",6,"transcribed"
"avantgarde_multi_02","avantgarde",4,220,221,221,"#DCDDDD","transcribed","","avantgarde_multi_02","multi","multicolor",6,"transcribed"
"avantgarde_multi_02","avantgarde",5,207,221,33,"#CFDD21","transcribed","","avantgarde_multi_02","multi","multicolor",6,"transcribed"
"avantgarde_multi_02","avantgarde",6,47,175,88,"#2FAF58","transcribed","","avantgarde_multi_02","multi","multicolor",6,"transcribed"
"avantgarde_multi_03","avantgarde",1,0,128,192,"#0080C0","transcribed","","avantgarde_multi_03","multi","multicolor",5,"transcribed"
"avantgarde_multi_03","avantgarde",2,244,160,0,"#F4A000","transcribed","","avantgarde_multi_03","multi","multicolor",5,"transcribed"
"avantgarde_multi_03","avantgarde",3,230,8,35,"#E60823","transcribed","","avantgarde_multi_03","multi","multicolor",5,"transcribed"
"avantgarde_multi_03","avantgarde",4,53,122,77,"#357A4D","transcribed","","avantgarde_multi_03","multi","multicolor",5,"transcribed"
"avantgarde_multi_03","avantgarde",5,234,99,157,"#EA639D","transcribed","","avantgarde_multi_03","multi","multicolor",5,"transcribed"
"avantgarde_multi_04","avantgarde",1,37,179,220,"#25B3DC","transcribed","","avantgarde_multi_04","multi","multicolor",5,"transcribed"
"avantgarde_multi_04","avantgarde",2,230,6,20,"#E60614","transcribed","","avantgarde_multi_04","multi","multicolor",5,"transcribed"
"avantgarde_multi_04","avantgarde",3,239,139,178,"#EF8BB2","transcribed","","avantgarde_multi_04","multi","multicolor",5,"transcribed"
"avantgarde_multi_04","avantgarde",4,247,176,9,"#F7B009","transcribed","","avantgarde_multi_04","multi","multicolor",5,"transcribed"
"avantgarde_multi_04","avantgarde",5,28,137,96,"#1C8960","transcribed","","avantgarde_multi_04","multi","multicolor",5,"transcribed"
"avantgarde_multi_05","avantgarde",1,230,0,18,"#E60012","transcribed","","avantgarde_multi_05","multi","multicolor",6,"review"
"avantgarde_multi_05","avantgarde",2,0,160,233,"#00A0E9","transcribed","","avantgarde_multi_05","multi","multicolor",6,"review"
"avantgarde_multi_05","avantgarde",3,143,195,31,"#8FC31F","transcribed","","avantgarde_multi_05","multi","multicolor",6,"review"
"avantgarde_multi_05","avantgarde",4,248,182,45,"#F8B62D","transcribed","","avantgarde_multi_05","multi","multicolor",6,"review"
"avantgarde_multi_05","avantgarde",5,240,193,143,"#F0C18F","transcribed","","avantgarde_multi_05","multi","multicolor",6,"review"
"avantgarde_multi_05","avantgarde",6,250,216,188,"#FAD8BC","review","Faint RGB label; candidate (250,216,188).","avantgarde_multi_05","multi","multicolor",6,"review"
"avantgarde_multi_06","avantgarde",1,242,145,0,"#F29100","transcribed","","avantgarde_multi_06","multi","multicolor",5,"review"
"avantgarde_multi_06","avantgarde",2,255,242,8,"#FFF208","review","Faint blue channel; candidate B=8.","avantgarde_multi_06","multi","multicolor",5,"review"
"avantgarde_multi_06","avantgarde",3,98,198,242,"#62C6F2","transcribed","","avantgarde_multi_06","multi","multicolor",5,"review"
"avantgarde_multi_06","avantgarde",4,251,224,234,"#FBE0EA","transcribed","","avantgarde_multi_06","multi","multicolor",5,"review"
"avantgarde_multi_06","avantgarde",5,229,0,78,"#E5004E","transcribed","","avantgarde_multi_06","multi","multicolor",5,"review"
"avantgarde_multi_07","avantgarde",1,0,93,173,"#005DAD","transcribed","","avantgarde_multi_07","multi","multicolor",6,"transcribed"
"avantgarde_multi_07","avantgarde",2,237,106,80,"#ED6A50","transcribed","","avantgarde_multi_07","multi","multicolor",6,"transcribed"
"avantgarde_multi_07","avantgarde",3,173,206,0,"#ADCE00","transcribed","","avantgarde_multi_07","multi","multicolor",6,"transcribed"
"avantgarde_multi_07","avantgarde",4,0,156,66,"#009C42","transcribed","","avantgarde_multi_07","multi","multicolor",6,"transcribed"
"avantgarde_multi_07","avantgarde",5,146,146,146,"#929292","transcribed","","avantgarde_multi_07","multi","multicolor",6,"transcribed"
"avantgarde_multi_07","avantgarde",6,230,0,18,"#E60012","transcribed","","avantgarde_multi_07","multi","multicolor",6,"transcribed"
"avantgarde_multi_08","avantgarde",1,236,112,153,"#EC7099","transcribed","","avantgarde_multi_08","multi","multicolor",5,"transcribed"
"avantgarde_multi_08","avantgarde",2,17,74,156,"#114A9C","transcribed","","avantgarde_multi_08","multi","multicolor",5,"transcribed"
"avantgarde_multi_08","avantgarde",3,255,241,8,"#FFF108","transcribed","","avantgarde_multi_08","multi","multicolor",5,"transcribed"
"avantgarde_multi_08","avantgarde",4,83,192,214,"#53C0D6","transcribed","","avantgarde_multi_08","multi","multicolor",5,"transcribed"
"avantgarde_multi_08","avantgarde",5,192,103,165,"#C067A5","transcribed","","avantgarde_multi_08","multi","multicolor",5,"transcribed"
"avantgarde_multi_09","avantgarde",1,0,74,159,"#004A9F","transcribed","","avantgarde_multi_09","multi","multicolor",6,"transcribed"
"avantgarde_multi_09","avantgarde",2,0,174,225,"#00AEE1","transcribed","","avantgarde_multi_09","multi","multicolor",6,"transcribed"
"avantgarde_multi_09","avantgarde",3,225,112,148,"#E17094","transcribed","","avantgarde_multi_09","multi","multicolor",6,"transcribed"
"avantgarde_multi_09","avantgarde",4,231,211,120,"#E7D378","transcribed","","avantgarde_multi_09","multi","multicolor",6,"transcribed"
"avantgarde_multi_09","avantgarde",5,196,200,229,"#C4C8E5","transcribed","","avantgarde_multi_09","multi","multicolor",6,"transcribed"
"avantgarde_multi_09","avantgarde",6,81,181,174,"#51B5AE","transcribed","","avantgarde_multi_09","multi","multicolor",6,"transcribed"
"avantgarde_multi_10","avantgarde",1,233,194,101,"#E9C265","transcribed","","avantgarde_multi_10","multi","multicolor",5,"review"
"avantgarde_multi_10","avantgarde",2,25,64,152,"#194098","transcribed","","avantgarde_multi_10","multi","multicolor",5,"review"
"avantgarde_multi_10","avantgarde",3,81,192,220,"#51C0DC","transcribed","","avantgarde_multi_10","multi","multicolor",5,"review"
"avantgarde_multi_10","avantgarde",4,247,220,234,"#F7DCEA","review","Faint RGB label; candidate (247,220,234).","avantgarde_multi_10","multi","multicolor",5,"review"
"avantgarde_multi_10","avantgarde",5,149,201,112,"#95C970","transcribed","","avantgarde_multi_10","multi","multicolor",5,"review"
"avantgarde_tri_01","avantgarde",1,230,0,18,"#E60012","transcribed","","avantgarde_tri_01","tri","tricolor",3,"transcribed"
"avantgarde_tri_01","avantgarde",2,254,234,205,"#FEEACD","transcribed","","avantgarde_tri_01","tri","tricolor",3,"transcribed"
"avantgarde_tri_01","avantgarde",3,0,79,163,"#004FA3","transcribed","","avantgarde_tri_01","tri","tricolor",3,"transcribed"
"avantgarde_tri_02","avantgarde",1,167,218,229,"#A7DAE5","transcribed","","avantgarde_tri_02","tri","tricolor",3,"transcribed"
"avantgarde_tri_02","avantgarde",2,0,107,185,"#006BB9","transcribed","","avantgarde_tri_02","tri","tricolor",3,"transcribed"
"avantgarde_tri_02","avantgarde",3,231,36,16,"#E72410","transcribed","","avantgarde_tri_02","tri","tricolor",3,"transcribed"
"avantgarde_tri_03","avantgarde",1,246,195,217,"#F6C3D9","transcribed","","avantgarde_tri_03","tri","tricolor",3,"transcribed"
"avantgarde_tri_03","avantgarde",2,255,241,0,"#FFF100","transcribed","","avantgarde_tri_03","tri","tricolor",3,"transcribed"
"avantgarde_tri_03","avantgarde",3,167,168,168,"#A7A8A8","transcribed","","avantgarde_tri_03","tri","tricolor",3,"transcribed"
"avantgarde_tri_04","avantgarde",1,37,177,124,"#25B17C","transcribed","","avantgarde_tri_04","tri","tricolor",3,"transcribed"
"avantgarde_tri_04","avantgarde",2,232,65,54,"#E84136","transcribed","","avantgarde_tri_04","tri","tricolor",3,"transcribed"
"avantgarde_tri_04","avantgarde",3,255,240,0,"#FFF000","transcribed","","avantgarde_tri_04","tri","tricolor",3,"transcribed"
"avantgarde_tri_05","avantgarde",1,61,174,228,"#3DAEE4","transcribed","","avantgarde_tri_05","tri","tricolor",3,"transcribed"
"avantgarde_tri_05","avantgarde",2,245,239,106,"#F5EF6A","transcribed","","avantgarde_tri_05","tri","tricolor",3,"transcribed"
"avantgarde_tri_05","avantgarde",3,235,221,213,"#EBDDD5","transcribed","","avantgarde_tri_05","tri","tricolor",3,"transcribed"
"avantgarde_tri_06","avantgarde",1,255,241,0,"#FFF100","transcribed","","avantgarde_tri_06","tri","tricolor",3,"transcribed"
"avantgarde_tri_06","avantgarde",2,230,46,139,"#E62E8B","transcribed","","avantgarde_tri_06","tri","tricolor",3,"transcribed"
"avantgarde_tri_06","avantgarde",3,0,160,233,"#00A0E9","transcribed","","avantgarde_tri_06","tri","tricolor",3,"transcribed"
"avantgarde_tri_07","avantgarde",1,0,153,68,"#009944","transcribed","","avantgarde_tri_07","tri","tricolor",3,"transcribed"
"avantgarde_tri_07","avantgarde",2,255,241,0,"#FFF100","transcribed","","avantgarde_tri_07","tri","tricolor",3,"transcribed"
"avantgarde_tri_07","avantgarde",3,215,215,216,"#D7D7D8","transcribed","","avantgarde_tri_07","tri","tricolor",3,"transcribed"
"avantgarde_tri_08","avantgarde",1,8,51,141,"#08338D","transcribed","","avantgarde_tri_08","tri","tricolor",3,"transcribed"
"avantgarde_tri_08","avantgarde",2,0,154,91,"#009A5B","transcribed","","avantgarde_tri_08","tri","tricolor",3,"transcribed"
"avantgarde_tri_08","avantgarde",3,0,177,175,"#00B1AF","transcribed","","avantgarde_tri_08","tri","tricolor",3,"transcribed"
"avantgarde_tri_09","avantgarde",1,204,56,109,"#CC386D","transcribed","","avantgarde_tri_09","tri","tricolor",3,"transcribed"
"avantgarde_tri_09","avantgarde",2,0,164,140,"#00A48C","transcribed","","avantgarde_tri_09","tri","tricolor",3,"transcribed"
"avantgarde_tri_09","avantgarde",3,0,168,217,"#00A8D9","transcribed","","avantgarde_tri_09","tri","tricolor",3,"transcribed"
"avantgarde_tri_10","avantgarde",1,0,0,0,"#000000","transcribed","","avantgarde_tri_10","tri","tricolor",3,"transcribed"
"avantgarde_tri_10","avantgarde",2,0,171,235,"#00ABEB","transcribed","","avantgarde_tri_10","tri","tricolor",3,"transcribed"
"avantgarde_tri_10","avantgarde",3,255,241,0,"#FFF100","transcribed","","avantgarde_tri_10","tri","tricolor",3,"transcribed"
"avantgarde_tri_11","avantgarde",1,140,71,145,"#8C4791","transcribed","","avantgarde_tri_11","tri","tricolor",3,"transcribed"
"avantgarde_tri_11","avantgarde",2,210,15,42,"#D20F2A","transcribed","","avantgarde_tri_11","tri","tricolor",3,"transcribed"
"avantgarde_tri_11","avantgarde",3,255,253,225,"#FFFDE1","transcribed","","avantgarde_tri_11","tri","tricolor",3,"transcribed"
"kawaii_bi_01","kawaii",1,92,77,140,"#5C4D8C","transcribed","","kawaii_bi_01","bi","bicolor",2,"transcribed"
"kawaii_bi_01","kawaii",2,208,217,89,"#D0D959","transcribed","","kawaii_bi_01","bi","bicolor",2,"transcribed"
"kawaii_four_01","kawaii",1,207,200,59,"#CFC83B","transcribed","","kawaii_four_01","four","four-color",4,"transcribed"
"kawaii_four_01","kawaii",2,231,153,112,"#E79970","transcribed","","kawaii_four_01","four","four-color",4,"transcribed"
"kawaii_four_01","kawaii",3,155,204,208,"#9BCCD0","transcribed","","kawaii_four_01","four","four-color",4,"transcribed"
"kawaii_four_01","kawaii",4,46,141,58,"#2E8D3A","transcribed","","kawaii_four_01","four","four-color",4,"transcribed"
"kawaii_four_02","kawaii",1,121,121,45,"#79792D","transcribed","","kawaii_four_02","four","four-color",4,"transcribed"
"kawaii_four_02","kawaii",2,117,184,188,"#75B8BC","transcribed","","kawaii_four_02","four","four-color",4,"transcribed"
"kawaii_four_02","kawaii",3,212,105,50,"#D46932","transcribed","","kawaii_four_02","four","four-color",4,"transcribed"
"kawaii_four_02","kawaii",4,62,44,39,"#3E2C27","transcribed","","kawaii_four_02","four","four-color",4,"transcribed"
"kawaii_multi_01","kawaii",1,244,200,221,"#F4C8DD","transcribed","","kawaii_multi_01","multi","multicolor",5,"transcribed"
"kawaii_multi_01","kawaii",2,0,151,220,"#0097DC","transcribed","","kawaii_multi_01","multi","multicolor",5,"transcribed"
"kawaii_multi_01","kawaii",3,59,182,153,"#3BB699","transcribed","","kawaii_multi_01","multi","multicolor",5,"transcribed"
"kawaii_multi_01","kawaii",4,252,206,96,"#FCCE60","transcribed","","kawaii_multi_01","multi","multicolor",5,"transcribed"
"kawaii_multi_01","kawaii",5,233,71,64,"#E94740","transcribed","","kawaii_multi_01","multi","multicolor",5,"transcribed"
"kawaii_multi_02","kawaii",1,246,170,150,"#F6AA96","transcribed","","kawaii_multi_02","multi","multicolor",6,"review"
"kawaii_multi_02","kawaii",2,233,71,12,"#E9470C","transcribed","","kawaii_multi_02","multi","multicolor",6,"review"
"kawaii_multi_02","kawaii",3,142,172,122,"#8EAC7A","transcribed","","kawaii_multi_02","multi","multicolor",6,"review"
"kawaii_multi_02","kawaii",4,119,189,91,"#77BD5B","transcribed","","kawaii_multi_02","multi","multicolor",6,"review"
"kawaii_multi_02","kawaii",5,0,145,212,"#0091D4","transcribed","","kawaii_multi_02","multi","multicolor",6,"review"
"kawaii_multi_02","kawaii",6,240,200,43,"#F0C82B","review","The faint yellow label appears to read RGB (240, 200, 43), but the last blue-channel digit is not reliably legible. This triplet is a provisional candidate, not a confirmed transcription.","kawaii_multi_02","multi","multicolor",6,"review"
"kawaii_multi_03","kawaii",1,194,72,49,"#C24831","transcribed","","kawaii_multi_03","multi","multicolor",7,"transcribed"
"kawaii_multi_03","kawaii",2,37,166,76,"#25A64C","transcribed","","kawaii_multi_03","multi","multicolor",7,"transcribed"
"kawaii_multi_03","kawaii",3,247,162,17,"#F7A211","transcribed","","kawaii_multi_03","multi","multicolor",7,"transcribed"
"kawaii_multi_03","kawaii",4,255,158,178,"#FF9EB2","transcribed","","kawaii_multi_03","multi","multicolor",7,"transcribed"
"kawaii_multi_03","kawaii",5,61,48,138,"#3D308A","transcribed","","kawaii_multi_03","multi","multicolor",7,"transcribed"
"kawaii_multi_03","kawaii",6,178,96,84,"#B26054","transcribed","","kawaii_multi_03","multi","multicolor",7,"transcribed"
"kawaii_multi_03","kawaii",7,132,210,194,"#84D2C2","transcribed","","kawaii_multi_03","multi","multicolor",7,"transcribed"
"kawaii_multi_04","kawaii",1,238,207,36,"#EECF24","transcribed","","kawaii_multi_04","multi","multicolor",5,"transcribed"
"kawaii_multi_04","kawaii",2,220,66,31,"#DC421F","transcribed","","kawaii_multi_04","multi","multicolor",5,"transcribed"
"kawaii_multi_04","kawaii",3,48,87,97,"#305761","transcribed","","kawaii_multi_04","multi","multicolor",5,"transcribed"
"kawaii_multi_04","kawaii",4,221,186,143,"#DDBA8F","transcribed","","kawaii_multi_04","multi","multicolor",5,"transcribed"
"kawaii_multi_04","kawaii",5,227,165,42,"#E3A52A","transcribed","","kawaii_multi_04","multi","multicolor",5,"transcribed"
"kawaii_multi_05","kawaii",1,233,191,53,"#E9BF35","transcribed","","kawaii_multi_05","multi","multicolor",5,"transcribed"
"kawaii_multi_05","kawaii",2,170,149,224,"#AA95E0","transcribed","","kawaii_multi_05","multi","multicolor",5,"transcribed"
"kawaii_multi_05","kawaii",3,164,172,73,"#A4AC49","transcribed","","kawaii_multi_05","multi","multicolor",5,"transcribed"
"kawaii_multi_05","kawaii",4,220,123,143,"#DC7B8F","transcribed","","kawaii_multi_05","multi","multicolor",5,"transcribed"
"kawaii_multi_05","kawaii",5,118,149,170,"#7695AA","transcribed","","kawaii_multi_05","multi","multicolor",5,"transcribed"
"kawaii_multi_06","kawaii",1,36,100,136,"#246488","transcribed","","kawaii_multi_06","multi","multicolor",5,"transcribed"
"kawaii_multi_06","kawaii",2,81,102,46,"#51662E","transcribed","","kawaii_multi_06","multi","multicolor",5,"transcribed"
"kawaii_multi_06","kawaii",3,27,45,69,"#1B2D45","transcribed","","kawaii_multi_06","multi","multicolor",5,"transcribed"
"kawaii_multi_06","kawaii",4,232,211,202,"#E8D3CA","transcribed","","kawaii_multi_06","multi","multicolor",5,"transcribed"
"kawaii_multi_06","kawaii",5,196,191,198,"#C4BFC6","transcribed","","kawaii_multi_06","multi","multicolor",5,"transcribed"
"kawaii_multi_07","kawaii",1,115,89,68,"#735944","transcribed","","kawaii_multi_07","multi","multicolor",5,"transcribed"
"kawaii_multi_07","kawaii",2,145,141,141,"#918D8D","transcribed","","kawaii_multi_07","multi","multicolor",5,"transcribed"
"kawaii_multi_07","kawaii",3,214,175,73,"#D6AF49","transcribed","","kawaii_multi_07","multi","multicolor",5,"transcribed"
"kawaii_multi_07","kawaii",4,189,26,34,"#BD1A22","transcribed","","kawaii_multi_07","multi","multicolor",5,"transcribed"
"kawaii_multi_07","kawaii",5,84,111,50,"#546F32","transcribed","","kawaii_multi_07","multi","multicolor",5,"transcribed"
"kawaii_multi_08","kawaii",1,214,163,27,"#D6A31B","transcribed","","kawaii_multi_08","multi","multicolor",5,"transcribed"
"kawaii_multi_08","kawaii",2,234,80,52,"#EA5034","transcribed","","kawaii_multi_08","multi","multicolor",5,"transcribed"
"kawaii_multi_08","kawaii",3,59,101,176,"#3B65B0","transcribed","","kawaii_multi_08","multi","multicolor",5,"transcribed"
"kawaii_multi_08","kawaii",4,86,181,82,"#56B552","transcribed","","kawaii_multi_08","multi","multicolor",5,"transcribed"
"kawaii_multi_08","kawaii",5,244,223,42,"#F4DF2A","transcribed","","kawaii_multi_08","multi","multicolor",5,"transcribed"
"kawaii_tri_01","kawaii",1,244,200,221,"#F4C8DD","transcribed","","kawaii_tri_01","tri","tricolor",3,"transcribed"
"kawaii_tri_01","kawaii",2,0,151,220,"#0097DC","transcribed","","kawaii_tri_01","tri","tricolor",3,"transcribed"
"kawaii_tri_01","kawaii",3,59,182,153,"#3BB699","transcribed","","kawaii_tri_01","tri","tricolor",3,"transcribed"
"kawaii_tri_02","kawaii",1,74,176,223,"#4AB0DF","transcribed","","kawaii_tri_02","tri","tricolor",3,"transcribed"
"kawaii_tri_02","kawaii",2,216,77,150,"#D84D96","transcribed","","kawaii_tri_02","tri","tricolor",3,"transcribed"
"kawaii_tri_02","kawaii",3,130,85,160,"#8255A0","transcribed","","kawaii_tri_02","tri","tricolor",3,"transcribed"
"kawaii_tri_03","kawaii",1,231,187,127,"#E7BB7F","transcribed","","kawaii_tri_03","tri","tricolor",3,"transcribed"
"kawaii_tri_03","kawaii",2,229,194,219,"#E5C2DB","transcribed","","kawaii_tri_03","tri","tricolor",3,"transcribed"
"kawaii_tri_03","kawaii",3,234,223,202,"#EADFCA","transcribed","","kawaii_tri_03","tri","tricolor",3,"transcribed"
"kawaii_tri_04","kawaii",1,255,244,98,"#FFF462","transcribed","","kawaii_tri_04","tri","tricolor",3,"transcribed"
"kawaii_tri_04","kawaii",2,175,217,185,"#AFD9B9","transcribed","","kawaii_tri_04","tri","tricolor",3,"transcribed"
"kawaii_tri_04","kawaii",3,175,192,227,"#AFC0E3","transcribed","","kawaii_tri_04","tri","tricolor",3,"transcribed"
"kawaii_tri_05","kawaii",1,222,22,40,"#DE1628","transcribed","","kawaii_tri_05","tri","tricolor",3,"transcribed"
"kawaii_tri_05","kawaii",2,39,178,141,"#27B28D","transcribed","","kawaii_tri_05","tri","tricolor",3,"transcribed"
"kawaii_tri_05","kawaii",3,242,203,79,"#F2CB4F","transcribed","","kawaii_tri_05","tri","tricolor",3,"transcribed"
"kawaii_tri_06","kawaii",1,32,126,184,"#207EB8","transcribed","","kawaii_tri_06","tri","tricolor",3,"transcribed"
"kawaii_tri_06","kawaii",2,45,124,58,"#2D7C3A","transcribed","","kawaii_tri_06","tri","tricolor",3,"transcribed"
"kawaii_tri_06","kawaii",3,238,221,40,"#EEDD28","transcribed","","kawaii_tri_06","tri","tricolor",3,"transcribed"
"kawaii_tri_07","kawaii",1,61,126,180,"#3D7EB4","transcribed","","kawaii_tri_07","tri","tricolor",3,"transcribed"
"kawaii_tri_07","kawaii",2,223,68,114,"#DF4472","transcribed","","kawaii_tri_07","tri","tricolor",3,"transcribed"
"kawaii_tri_07","kawaii",3,230,140,95,"#E68C5F","transcribed","","kawaii_tri_07","tri","tricolor",3,"transcribed"
"kawaii_tri_08","kawaii",1,250,219,218,"#FADBDA","transcribed","","kawaii_tri_08","tri","tricolor",3,"transcribed"
"kawaii_tri_08","kawaii",2,175,217,185,"#AFD9B9","transcribed","","kawaii_tri_08","tri","tricolor",3,"transcribed"
"kawaii_tri_08","kawaii",3,255,252,209,"#FFFCD1","transcribed","","kawaii_tri_08","tri","tricolor",3,"transcribed"
"kawaii_tri_09","kawaii",1,255,244,98,"#FFF462","transcribed","","kawaii_tri_09","tri","tricolor",3,"transcribed"
"kawaii_tri_09","kawaii",2,250,219,218,"#FADBDA","transcribed","","kawaii_tri_09","tri","tricolor",3,"transcribed"
"kawaii_tri_09","kawaii",3,126,206,244,"#7ECEF4","transcribed","","kawaii_tri_09","tri","tricolor",3,"transcribed"
"kawaii_tri_10","kawaii",1,250,219,218,"#FADBDA","transcribed","","kawaii_tri_10","tri","tricolor",3,"transcribed"
"kawaii_tri_10","kawaii",2,200,231,233,"#C8E7E9","transcribed","","kawaii_tri_10","tri","tricolor",3,"transcribed"
"kawaii_tri_10","kawaii",3,175,192,227,"#AFC0E3","transcribed","","kawaii_tri_10","tri","tricolor",3,"transcribed"
"kawaii_tri_11","kawaii",1,252,234,212,"#FCEAD4","transcribed","","kawaii_tri_11","tri","tricolor",3,"transcribed"
"kawaii_tri_11","kawaii",2,71,11,0,"#470B00","transcribed","","kawaii_tri_11","tri","tricolor",3,"transcribed"
"kawaii_tri_11","kawaii",3,253,215,0,"#FDD700","transcribed","","kawaii_tri_11","tri","tricolor",3,"transcribed"
"kawaii_tri_12","kawaii",1,247,226,231,"#F7E2E7","transcribed","","kawaii_tri_12","tri","tricolor",3,"transcribed"
"kawaii_tri_12","kawaii",2,80,0,71,"#500047","transcribed","","kawaii_tri_12","tri","tricolor",3,"transcribed"
"kawaii_tri_12","kawaii",3,253,215,0,"#FDD700","transcribed","","kawaii_tri_12","tri","tricolor",3,"transcribed"
"kawaii_tri_13","kawaii",1,249,242,30,"#F9F21E","transcribed","","kawaii_tri_13","tri","tricolor",3,"transcribed"
"kawaii_tri_13","kawaii",2,182,151,123,"#B6977B","transcribed","","kawaii_tri_13","tri","tricolor",3,"transcribed"
"kawaii_tri_13","kawaii",3,164,136,211,"#A488D3","transcribed","","kawaii_tri_13","tri","tricolor",3,"transcribed"
"kawaii_tri_14","kawaii",1,29,150,122,"#1D967A","transcribed","","kawaii_tri_14","tri","tricolor",3,"transcribed"
"kawaii_tri_14","kawaii",2,253,211,92,"#FDD35C","transcribed","","kawaii_tri_14","tri","tricolor",3,"transcribed"
"kawaii_tri_14","kawaii",3,233,77,59,"#E94D3B","transcribed","","kawaii_tri_14","tri","tricolor",3,"transcribed"
"kawaii_tri_15","kawaii",1,255,244,98,"#FFF462","transcribed","","kawaii_tri_15","tri","tricolor",3,"transcribed"
"kawaii_tri_15","kawaii",2,58,180,131,"#3AB483","transcribed","","kawaii_tri_15","tri","tricolor",3,"transcribed"
"kawaii_tri_15","kawaii",3,175,192,227,"#AFC0E3","transcribed","","kawaii_tri_15","tri","tricolor",3,"transcribed"
"kawaii_tri_16","kawaii",1,238,244,231,"#EEF4E7","transcribed","","kawaii_tri_16","tri","tricolor",3,"transcribed"
"kawaii_tri_16","kawaii",2,0,60,11,"#003C0B","transcribed","","kawaii_tri_16","tri","tricolor",3,"transcribed"
"kawaii_tri_16","kawaii",3,253,215,0,"#FDD700","transcribed","","kawaii_tri_16","tri","tricolor",3,"transcribed"
"kawaii_tri_17","kawaii",1,225,241,247,"#E1F1F7","transcribed","","kawaii_tri_17","tri","tricolor",3,"transcribed"
"kawaii_tri_17","kawaii",2,23,23,118,"#171776","transcribed","","kawaii_tri_17","tri","tricolor",3,"transcribed"
"kawaii_tri_17","kawaii",3,253,215,0,"#FDD700","transcribed","","kawaii_tri_17","tri","tricolor",3,"transcribed"
"kawaii_tri_18","kawaii",1,166,241,247,"#A6F1F7","transcribed","","kawaii_tri_18","tri","tricolor",3,"transcribed"
"kawaii_tri_18","kawaii",2,234,138,113,"#EA8A71","transcribed","","kawaii_tri_18","tri","tricolor",3,"transcribed"
"kawaii_tri_18","kawaii",3,81,231,196,"#51E7C4","transcribed","","kawaii_tri_18","tri","tricolor",3,"transcribed"
"kawaii_tri_19","kawaii",1,231,36,46,"#E7242E","transcribed","","kawaii_tri_19","tri","tricolor",3,"review"
"kawaii_tri_19","kawaii",2,0,99,86,"#006356","review","The blue-channel final digit is blurred in the photograph. RGB (0, 99, 86) is the provisional reading; 86 versus 85 needs a closer source image. R and G are legible.","kawaii_tri_19","tri","tricolor",3,"review"
"kawaii_tri_19","kawaii",3,239,199,87,"#EFC757","transcribed","","kawaii_tri_19","tri","tricolor",3,"review"
"minimalism_bi_01","minimalism",1,92,179,206,"#5CB3CE","transcribed","","minimalism_bi_01","bi","bicolor",2,"transcribed"
"minimalism_bi_01","minimalism",2,221,109,131,"#DD6D83","transcribed","","minimalism_bi_01","bi","bicolor",2,"transcribed"
"minimalism_bi_02","minimalism",1,143,195,34,"#8FC322","transcribed","","minimalism_bi_02","bi","bicolor",2,"transcribed"
"minimalism_bi_02","minimalism",2,224,127,1,"#E07F01","transcribed","","minimalism_bi_02","bi","bicolor",2,"transcribed"
"minimalism_bi_03","minimalism",1,239,135,135,"#EF8787","transcribed","","minimalism_bi_03","bi","bicolor",2,"transcribed"
"minimalism_bi_03","minimalism",2,247,228,224,"#F7E4E0","transcribed","","minimalism_bi_03","bi","bicolor",2,"transcribed"
"minimalism_bi_04","minimalism",1,255,255,255,"#FFFFFF","transcribed","","minimalism_bi_04","bi","bicolor",2,"transcribed"
"minimalism_bi_04","minimalism",2,210,163,100,"#D2A364","transcribed","","minimalism_bi_04","bi","bicolor",2,"transcribed"
"minimalism_bi_05","minimalism",1,0,83,165,"#0053A5","transcribed","","minimalism_bi_05","bi","bicolor",2,"transcribed"
"minimalism_bi_05","minimalism",2,146,210,225,"#92D2E1","transcribed","","minimalism_bi_05","bi","bicolor",2,"transcribed"
"minimalism_bi_06","minimalism",1,191,85,108,"#BF556C","transcribed","","minimalism_bi_06","bi","bicolor",2,"transcribed"
"minimalism_bi_06","minimalism",2,227,210,180,"#E3D2B4","transcribed","","minimalism_bi_06","bi","bicolor",2,"transcribed"
"minimalism_bi_07","minimalism",1,2,88,159,"#02589F","transcribed","","minimalism_bi_07","bi","bicolor",2,"transcribed"
"minimalism_bi_07","minimalism",2,142,173,191,"#8EADBF","transcribed","","minimalism_bi_07","bi","bicolor",2,"transcribed"
"minimalism_bi_08","minimalism",1,193,167,108,"#C1A76C","transcribed","","minimalism_bi_08","bi","bicolor",2,"transcribed"
"minimalism_bi_08","minimalism",2,24,43,130,"#182B82","transcribed","","minimalism_bi_08","bi","bicolor",2,"transcribed"
"minimalism_bi_09","minimalism",1,53,132,75,"#35844B","transcribed","","minimalism_bi_09","bi","bicolor",2,"transcribed"
"minimalism_bi_09","minimalism",2,220,232,159,"#DCE89F","transcribed","","minimalism_bi_09","bi","bicolor",2,"transcribed"
"minimalism_bi_10","minimalism",1,47,139,182,"#2F8BB6","transcribed","","minimalism_bi_10","bi","bicolor",2,"transcribed"
"minimalism_bi_10","minimalism",2,207,229,236,"#CFE5EC","transcribed","","minimalism_bi_10","bi","bicolor",2,"transcribed"
"minimalism_bi_11","minimalism",1,215,183,146,"#D7B792","transcribed","","minimalism_bi_11","bi","bicolor",2,"transcribed"
"minimalism_bi_11","minimalism",2,0,0,0,"#000000","transcribed","","minimalism_bi_11","bi","bicolor",2,"transcribed"
"minimalism_bi_12","minimalism",1,0,0,0,"#000000","transcribed","","minimalism_bi_12","bi","bicolor",2,"transcribed"
"minimalism_bi_12","minimalism",2,255,255,255,"#FFFFFF","transcribed","","minimalism_bi_12","bi","bicolor",2,"transcribed"
"minimalism_four_01","minimalism",1,220,84,138,"#DC548A","transcribed","","minimalism_four_01","four","four-color",4,"transcribed"
"minimalism_four_01","minimalism",2,78,187,164,"#4EBBA4","transcribed","","minimalism_four_01","four","four-color",4,"transcribed"
"minimalism_four_01","minimalism",3,137,92,160,"#895CA0","transcribed","","minimalism_four_01","four","four-color",4,"transcribed"
"minimalism_four_01","minimalism",4,222,217,112,"#DED970","transcribed","","minimalism_four_01","four","four-color",4,"transcribed"
"minimalism_four_02","minimalism",1,236,203,175,"#ECCBAF","transcribed","","minimalism_four_02","four","four-color",4,"transcribed"
"minimalism_four_02","minimalism",2,222,214,175,"#DED6AF","transcribed","","minimalism_four_02","four","four-color",4,"transcribed"
"minimalism_four_02","minimalism",3,242,233,231,"#F2E9E7","transcribed","","minimalism_four_02","four","four-color",4,"transcribed"
"minimalism_four_02","minimalism",4,232,181,169,"#E8B5A9","transcribed","","minimalism_four_02","four","four-color",4,"transcribed"
"minimalism_four_03","minimalism",1,255,255,255,"#FFFFFF","transcribed","","minimalism_four_03","four","four-color",4,"transcribed"
"minimalism_four_03","minimalism",2,50,156,155,"#329C9B","transcribed","","minimalism_four_03","four","four-color",4,"transcribed"
"minimalism_four_03","minimalism",3,141,194,202,"#8DC2CA","transcribed","","minimalism_four_03","four","four-color",4,"transcribed"
"minimalism_four_03","minimalism",4,236,107,85,"#EC6B55","transcribed","","minimalism_four_03","four","four-color",4,"transcribed"
"minimalism_four_04","minimalism",1,189,154,88,"#BD9A58","transcribed","","minimalism_four_04","four","four-color",4,"transcribed"
"minimalism_four_04","minimalism",2,162,209,217,"#A2D1D9","transcribed","","minimalism_four_04","four","four-color",4,"transcribed"
"minimalism_four_04","minimalism",3,229,186,189,"#E5BABD","transcribed","","minimalism_four_04","four","four-color",4,"transcribed"
"minimalism_four_04","minimalism",4,139,78,155,"#8B4E9B","transcribed","","minimalism_four_04","four","four-color",4,"transcribed"
"minimalism_four_05","minimalism",1,194,169,82,"#C2A952","transcribed","","minimalism_four_05","four","four-color",4,"transcribed"
"minimalism_four_05","minimalism",2,153,181,136,"#99B588","transcribed","","minimalism_four_05","four","four-color",4,"transcribed"
"minimalism_four_05","minimalism",3,219,139,150,"#DB8B96","transcribed","","minimalism_four_05","four","four-color",4,"transcribed"
"minimalism_four_05","minimalism",4,74,81,127,"#4A517F","transcribed","","minimalism_four_05","four","four-color",4,"transcribed"
"minimalism_four_06","minimalism",1,241,177,206,"#F1B1CE","transcribed","","minimalism_four_06","four","four-color",4,"transcribed"
"minimalism_four_06","minimalism",2,231,211,189,"#E7D3BD","transcribed","","minimalism_four_06","four","four-color",4,"transcribed"
"minimalism_four_06","minimalism",3,3,103,175,"#0367AF","transcribed","","minimalism_four_06","four","four-color",4,"transcribed"
"minimalism_four_06","minimalism",4,0,75,41,"#004B29","transcribed","","minimalism_four_06","four","four-color",4,"transcribed"
"minimalism_four_07","minimalism",1,241,177,206,"#F1B1CE","transcribed","","minimalism_four_07","four","four-color",4,"transcribed"
"minimalism_four_07","minimalism",2,230,25,23,"#E61917","transcribed","","minimalism_four_07","four","four-color",4,"transcribed"
"minimalism_four_07","minimalism",3,231,211,189,"#E7D3BD","transcribed","","minimalism_four_07","four","four-color",4,"transcribed"
"minimalism_four_07","minimalism",4,149,65,34,"#954122","transcribed","","minimalism_four_07","four","four-color",4,"transcribed"
"minimalism_four_08","minimalism",1,212,140,186,"#D48CBA","transcribed","","minimalism_four_08","four","four-color",4,"transcribed"
"minimalism_four_08","minimalism",2,0,158,180,"#009EB4","transcribed","","minimalism_four_08","four","four-color",4,"transcribed"
"minimalism_four_08","minimalism",3,81,81,113,"#515171","transcribed","","minimalism_four_08","four","four-color",4,"transcribed"
"minimalism_four_08","minimalism",4,186,149,94,"#BA955E","transcribed","","minimalism_four_08","four","four-color",4,"transcribed"
"minimalism_multi_01","minimalism",1,234,218,185,"#EADAB9","transcribed","","minimalism_multi_01","multi","multicolor",6,"transcribed"
"minimalism_multi_01","minimalism",2,190,41,32,"#BE2920","transcribed","","minimalism_multi_01","multi","multicolor",6,"transcribed"
"minimalism_multi_01","minimalism",3,252,226,220,"#FCE2DC","transcribed","","minimalism_multi_01","multi","multicolor",6,"transcribed"
"minimalism_multi_01","minimalism",4,184,228,237,"#B8E4ED","transcribed","","minimalism_multi_01","multi","multicolor",6,"transcribed"
"minimalism_multi_01","minimalism",5,182,185,70,"#B6B946","transcribed","","minimalism_multi_01","multi","multicolor",6,"transcribed"
"minimalism_multi_01","minimalism",6,185,188,193,"#B9BCC1","transcribed","","minimalism_multi_01","multi","multicolor",6,"transcribed"
"minimalism_multi_02","minimalism",1,230,106,95,"#E66A5F","transcribed","","minimalism_multi_02","multi","multicolor",7,"transcribed"
"minimalism_multi_02","minimalism",2,237,194,182,"#EDC2B6","transcribed","","minimalism_multi_02","multi","multicolor",7,"transcribed"
"minimalism_multi_02","minimalism",3,203,180,147,"#CBB493","transcribed","","minimalism_multi_02","multi","multicolor",7,"transcribed"
"minimalism_multi_02","minimalism",4,158,128,155,"#9E809B","transcribed","","minimalism_multi_02","multi","multicolor",7,"transcribed"
"minimalism_multi_02","minimalism",5,57,86,66,"#395642","transcribed","","minimalism_multi_02","multi","multicolor",7,"transcribed"
"minimalism_multi_02","minimalism",6,191,227,231,"#BFE3E7","transcribed","","minimalism_multi_02","multi","multicolor",7,"transcribed"
"minimalism_multi_02","minimalism",7,206,189,53,"#CEBD35","transcribed","","minimalism_multi_02","multi","multicolor",7,"transcribed"
"minimalism_multi_03","minimalism",1,64,92,79,"#405C4F","transcribed","","minimalism_multi_03","multi","multicolor",5,"transcribed"
"minimalism_multi_03","minimalism",2,61,186,190,"#3DBABE","transcribed","","minimalism_multi_03","multi","multicolor",5,"transcribed"
"minimalism_multi_03","minimalism",3,127,184,222,"#7FB8DE","transcribed","","minimalism_multi_03","multi","multicolor",5,"transcribed"
"minimalism_multi_03","minimalism",4,219,183,158,"#DBB79E","transcribed","","minimalism_multi_03","multi","multicolor",5,"transcribed"
"minimalism_multi_03","minimalism",5,230,71,76,"#E6474C","transcribed","","minimalism_multi_03","multi","multicolor",5,"transcribed"
"minimalism_multi_04","minimalism",1,236,232,226,"#ECE8E2","transcribed","","minimalism_multi_04","multi","multicolor",6,"transcribed"
"minimalism_multi_04","minimalism",2,198,134,93,"#C6865D","transcribed","","minimalism_multi_04","multi","multicolor",6,"transcribed"
"minimalism_multi_04","minimalism",3,17,159,87,"#119F57","transcribed","","minimalism_multi_04","multi","multicolor",6,"transcribed"
"minimalism_multi_04","minimalism",4,229,143,68,"#E58F44","transcribed","","minimalism_multi_04","multi","multicolor",6,"transcribed"
"minimalism_multi_04","minimalism",5,0,163,211,"#00A3D3","transcribed","","minimalism_multi_04","multi","multicolor",6,"transcribed"
"minimalism_multi_04","minimalism",6,200,26,67,"#C81A43","transcribed","","minimalism_multi_04","multi","multicolor",6,"transcribed"
"minimalism_multi_05","minimalism",1,91,174,127,"#5BAE7F","transcribed","","minimalism_multi_05","multi","multicolor",7,"transcribed"
"minimalism_multi_05","minimalism",2,177,192,107,"#B1C06B","transcribed","","minimalism_multi_05","multi","multicolor",7,"transcribed"
"minimalism_multi_05","minimalism",3,237,222,123,"#EDDE7B","transcribed","","minimalism_multi_05","multi","multicolor",7,"transcribed"
"minimalism_multi_05","minimalism",4,222,120,94,"#DE785E","transcribed","","minimalism_multi_05","multi","multicolor",7,"transcribed"
"minimalism_multi_05","minimalism",5,90,169,210,"#5AA9D2","transcribed","","minimalism_multi_05","multi","multicolor",7,"transcribed"
"minimalism_multi_05","minimalism",6,130,115,172,"#8273AC","transcribed","","minimalism_multi_05","multi","multicolor",7,"transcribed"
"minimalism_multi_05","minimalism",7,238,134,174,"#EE86AE","transcribed","","minimalism_multi_05","multi","multicolor",7,"transcribed"
"minimalism_multi_06","minimalism",1,226,145,84,"#E29154","transcribed","","minimalism_multi_06","multi","multicolor",7,"transcribed"
"minimalism_multi_06","minimalism",2,99,194,199,"#63C2C7","transcribed","","minimalism_multi_06","multi","multicolor",7,"transcribed"
"minimalism_multi_06","minimalism",3,232,143,147,"#E88F93","transcribed","","minimalism_multi_06","multi","multicolor",7,"transcribed"
"minimalism_multi_06","minimalism",4,237,215,61,"#EDD73D","transcribed","","minimalism_multi_06","multi","multicolor",7,"transcribed"
"minimalism_multi_06","minimalism",5,100,105,175,"#6469AF","transcribed","","minimalism_multi_06","multi","multicolor",7,"transcribed"
"minimalism_multi_06","minimalism",6,119,182,228,"#77B6E4","transcribed","","minimalism_multi_06","multi","multicolor",7,"transcribed"
"minimalism_multi_06","minimalism",7,147,112,91,"#93705B","transcribed","","minimalism_multi_06","multi","multicolor",7,"transcribed"
"minimalism_tri_01","minimalism",1,0,66,146,"#004292","transcribed","","minimalism_tri_01","tri","tricolor",3,"transcribed"
"minimalism_tri_01","minimalism",2,141,177,222,"#8DB1DE","transcribed","","minimalism_tri_01","tri","tricolor",3,"transcribed"
"minimalism_tri_01","minimalism",3,0,160,207,"#00A0CF","transcribed","","minimalism_tri_01","tri","tricolor",3,"transcribed"
"minimalism_tri_02","minimalism",1,87,0,24,"#570018","transcribed","","minimalism_tri_02","tri","tricolor",3,"transcribed"
"minimalism_tri_02","minimalism",2,232,211,199,"#E8D3C7","transcribed","","minimalism_tri_02","tri","tricolor",3,"transcribed"
"minimalism_tri_02","minimalism",3,146,69,21,"#924515","transcribed","","minimalism_tri_02","tri","tricolor",3,"transcribed"
"retro_bi_01","retro",1,235,184,69,"#EBB845","transcribed","","Ochre & brick","bi","bicolor",2,"transcribed"
"retro_bi_01","retro",2,197,53,30,"#C5351E","transcribed","","Ochre & brick","bi","bicolor",2,"transcribed"
"retro_bi_02","retro",1,147,75,133,"#934B85","transcribed","","Plum & apricot","bi","bicolor",2,"transcribed"
"retro_bi_02","retro",2,225,138,49,"#E18A31","transcribed","","Plum & apricot","bi","bicolor",2,"transcribed"
"retro_bi_03","retro",1,90,79,125,"#5A4F7D","transcribed","","Violet & olive","bi","bicolor",2,"transcribed"
"retro_bi_03","retro",2,113,126,66,"#717E42","transcribed","","Violet & olive","bi","bicolor",2,"transcribed"
"retro_bi_04","retro",1,217,188,119,"#D9BC77","transcribed","","Gold & ink","bi","bicolor",2,"transcribed"
"retro_bi_04","retro",2,0,0,0,"#000000","transcribed","","Gold & ink","bi","bicolor",2,"transcribed"
"retro_bi_05","retro",1,27,101,161,"#1B65A1","transcribed","","Blue & charcoal","bi","bicolor",2,"transcribed"
"retro_bi_05","retro",2,83,87,96,"#535760","transcribed","","Blue & charcoal","bi","bicolor",2,"transcribed"
"retro_bi_06","retro",1,92,137,52,"#5C8934","transcribed","","Moss & clay","bi","bicolor",2,"transcribed"
"retro_bi_06","retro",2,152,97,78,"#98614E","transcribed","","Moss & clay","bi","bicolor",2,"transcribed"
"retro_bi_07","retro",1,197,53,30,"#C5351E","transcribed","","Brick & citron","bi","bicolor",2,"transcribed"
"retro_bi_07","retro",2,194,199,25,"#C2C719","transcribed","","Brick & citron","bi","bicolor",2,"transcribed"
"retro_bi_08","retro",1,181,222,217,"#B5DED9","transcribed","","Mint & cream","bi","bicolor",2,"transcribed"
"retro_bi_08","retro",2,255,252,209,"#FFFCD1","transcribed","","Mint & cream","bi","bicolor",2,"transcribed"
"retro_bi_09","retro",1,136,108,75,"#886C4B","transcribed","","Walnut & pine","bi","bicolor",2,"transcribed"
"retro_bi_09","retro",2,19,59,46,"#133B2E","transcribed","","Walnut & pine","bi","bicolor",2,"transcribed"
"retro_bi_10","retro",1,89,96,106,"#59606A","transcribed","","Slate & stone","bi","bicolor",2,"transcribed"
"retro_bi_10","retro",2,151,148,147,"#979493","transcribed","","Slate & stone","bi","bicolor",2,"transcribed"
"retro_bi_11","retro",1,147,75,133,"#934B85","transcribed","","Plum & citron","bi","bicolor",2,"transcribed"
"retro_bi_11","retro",2,194,199,25,"#C2C719","transcribed","","Plum & citron","bi","bicolor",2,"transcribed"
"retro_bi_12","retro",1,197,53,30,"#C5351E","transcribed","","Brick & moss","bi","bicolor",2,"transcribed"
"retro_bi_12","retro",2,92,137,52,"#5C8934","transcribed","","Brick & moss","bi","bicolor",2,"transcribed"
"retro_bi_13","retro",1,244,192,58,"#F4C03A","review","Provisional RGB reading: the small gold label is blurred. Confirm all three channels and the design reference.","Saffron & ink","bi","bicolor",2,"review"
"retro_bi_13","retro",2,0,0,0,"#000000","transcribed","","Saffron & ink","bi","bicolor",2,"review"
"retro_bi_14","retro",1,48,113,185,"#3071B9","review","Provisional RGB reading at curved outer edge; confirm channels and design reference.","Blue & poppy","bi","bicolor",2,"review"
"retro_bi_14","retro",2,227,73,80,"#E34950","review","Provisional RGB reading at curved outer edge; confirm all three channels.","Blue & poppy","bi","bicolor",2,"review"
"retro_four_01","retro",1,230,0,42,"#E6002A","transcribed","","Rose, paper & gold","four","four-color",4,"transcribed"
"retro_four_01","retro",2,247,195,194,"#F7C3C2","transcribed","","Rose, paper & gold","four","four-color",4,"transcribed"
"retro_four_01","retro",3,241,236,223,"#F1ECDF","transcribed","","Rose, paper & gold","four","four-color",4,"transcribed"
"retro_four_01","retro",4,253,206,39,"#FDCE27","transcribed","","Rose, paper & gold","four","four-color",4,"transcribed"
"retro_four_02","retro",1,230,0,18,"#E60012","transcribed","","Hot type","four","four-color",4,"transcribed"
"retro_four_02","retro",2,0,0,0,"#000000","transcribed","","Hot type","four","four-color",4,"transcribed"
"retro_four_02","retro",3,241,141,2,"#F18D02","transcribed","","Hot type","four","four-color",4,"transcribed"
"retro_four_02","retro",4,253,209,0,"#FDD100","transcribed","","Hot type","four","four-color",4,"transcribed"
"retro_four_03","retro",1,231,41,34,"#E72922","transcribed","","Classic print","four","four-color",4,"transcribed"
"retro_four_03","retro",2,30,83,164,"#1E53A4","transcribed","","Classic print","four","four-color",4,"transcribed"
"retro_four_03","retro",3,0,102,55,"#006637","transcribed","","Classic print","four","four-color",4,"transcribed"
"retro_four_03","retro",4,202,176,107,"#CAB06B","transcribed","","Classic print","four","four-color",4,"transcribed"
"retro_four_04","retro",1,242,158,157,"#F29E9D","transcribed","","Petal & leaf","four","four-color",4,"transcribed"
"retro_four_04","retro",2,135,126,156,"#877E9C","transcribed","","Petal & leaf","four","four-color",4,"transcribed"
"retro_four_04","retro",3,175,195,84,"#AFC354","transcribed","","Petal & leaf","four","four-color",4,"transcribed"
"retro_four_04","retro",4,42,130,84,"#2A8254","transcribed","","Petal & leaf","four","four-color",4,"transcribed"
"retro_four_05","retro",1,187,220,206,"#BBDCCE","transcribed","","Coastal clay","four","four-color",4,"transcribed"
"retro_four_05","retro",2,224,166,62,"#E0A63E","transcribed","","Coastal clay","four","four-color",4,"transcribed"
"retro_four_05","retro",3,109,166,177,"#6DA6B1","transcribed","","Coastal clay","four","four-color",4,"transcribed"
"retro_four_05","retro",4,223,117,47,"#DF752F","transcribed","","Coastal clay","four","four-color",4,"transcribed"
"retro_four_06","retro",1,0,140,173,"#008CAD","transcribed","","Botanical","four","four-color",4,"transcribed"
"retro_four_06","retro",2,131,175,110,"#83AF6E","transcribed","","Botanical","four","four-color",4,"transcribed"
"retro_four_06","retro",3,0,90,70,"#005A46","transcribed","","Botanical","four","four-color",4,"transcribed"
"retro_four_06","retro",4,240,208,118,"#F0D076","transcribed","","Botanical","four","four-color",4,"transcribed"
"retro_four_07","retro",1,201,37,57,"#C92539","transcribed","","Crimson & sea glass","four","four-color",4,"transcribed"
"retro_four_07","retro",2,210,175,157,"#D2AF9D","transcribed","","Crimson & sea glass","four","four-color",4,"transcribed"
"retro_four_07","retro",3,152,200,205,"#98C8CD","transcribed","","Crimson & sea glass","four","four-color",4,"transcribed"
"retro_four_07","retro",4,11,134,126,"#0B867E","transcribed","","Crimson & sea glass","four","four-color",4,"transcribed"
"retro_four_08","retro",1,97,195,213,"#61C3D5","transcribed","","Summer postcard","four","four-color",4,"transcribed"
"retro_four_08","retro",2,0,158,95,"#009E5F","transcribed","","Summer postcard","four","four-color",4,"transcribed"
"retro_four_08","retro",3,247,184,142,"#F7B88E","transcribed","","Summer postcard","four","four-color",4,"transcribed"
"retro_four_08","retro",4,240,137,114,"#F08972","transcribed","","Summer postcard","four","four-color",4,"transcribed"
"retro_four_09","retro",1,0,109,187,"#006DBB","transcribed","","Primary play","four","four-color",4,"transcribed"
"retro_four_09","retro",2,230,0,18,"#E60012","transcribed","","Primary play","four","four-color",4,"transcribed"
"retro_four_09","retro",3,255,241,0,"#FFF100","transcribed","","Primary play","four","four-color",4,"transcribed"
"retro_four_09","retro",4,235,97,27,"#EB611B","transcribed","","Primary play","four","four-color",4,"transcribed"
"retro_four_10","retro",1,200,225,198,"#C8E1C6","transcribed","","Faded fresco","four","four-color",4,"transcribed"
"retro_four_10","retro",2,164,157,175,"#A49DAF","transcribed","","Faded fresco","four","four-color",4,"transcribed"
"retro_four_10","retro",3,208,152,144,"#D09890","transcribed","","Faded fresco","four","four-color",4,"transcribed"
"retro_four_10","retro",4,217,198,153,"#D9C699","transcribed","","Faded fresco","four","four-color",4,"transcribed"
"retro_four_11","retro",1,166,134,188,"#A686BC","transcribed","","Lilac & leather","four","four-color",4,"transcribed"
"retro_four_11","retro",2,234,222,189,"#EADEBD","transcribed","","Lilac & leather","four","four-color",4,"transcribed"
"retro_four_11","retro",3,141,92,97,"#8D5C61","transcribed","","Lilac & leather","four","four-color",4,"transcribed"
"retro_four_11","retro",4,163,140,74,"#A38C4A","transcribed","","Lilac & leather","four","four-color",4,"transcribed"
"retro_multi_01","retro",1,248,204,209,"#F8CCD1","transcribed","","Rose & marigold","multi","multicolor",5,"transcribed"
"retro_multi_01","retro",2,216,183,124,"#D8B77C","transcribed","","Rose & marigold","multi","multicolor",5,"transcribed"
"retro_multi_01","retro",3,230,14,57,"#E60E39","transcribed","","Rose & marigold","multi","multicolor",5,"transcribed"
"retro_multi_01","retro",4,76,175,119,"#4CAF77","transcribed","","Rose & marigold","multi","multicolor",5,"transcribed"
"retro_multi_01","retro",5,235,213,108,"#EBD56C","transcribed","","Rose & marigold","multi","multicolor",5,"transcribed"
"retro_multi_02","retro",1,222,198,123,"#DEC67B","transcribed","","Market day","multi","multicolor",5,"transcribed"
"retro_multi_02","retro",2,235,97,42,"#EB612A","transcribed","","Market day","multi","multicolor",5,"transcribed"
"retro_multi_02","retro",3,255,225,0,"#FFE100","transcribed","","Market day","multi","multicolor",5,"transcribed"
"retro_multi_02","retro",4,27,184,206,"#1BB8CE","transcribed","","Market day","multi","multicolor",5,"transcribed"
"retro_multi_02","retro",5,75,169,53,"#4BA935","transcribed","","Market day","multi","multicolor",5,"transcribed"
"retro_multi_03","retro",1,237,196,172,"#EDC4AC","transcribed","","Ceramics","multi","multicolor",5,"transcribed"
"retro_multi_03","retro",2,215,198,94,"#D7C65E","transcribed","","Ceramics","multi","multicolor",5,"transcribed"
"retro_multi_03","retro",3,100,171,171,"#64ABAB","transcribed","","Ceramics","multi","multicolor",5,"transcribed"
"retro_multi_03","retro",4,223,96,87,"#DF6057","transcribed","","Ceramics","multi","multicolor",5,"transcribed"
"retro_multi_03","retro",5,108,76,62,"#6C4C3E","transcribed","","Ceramics","multi","multicolor",5,"transcribed"
"retro_multi_04","retro",1,192,159,50,"#C09F32","transcribed","","Record shop","multi","multicolor",6,"review"
"retro_multi_04","retro",2,255,241,0,"#FFF100","review","Provisional yellow RGB reading; the low-contrast printed digits need confirmation.","Record shop","multi","multicolor",6,"review"
"retro_multi_04","retro",3,66,67,147,"#424393","transcribed","","Record shop","multi","multicolor",6,"review"
"retro_multi_04","retro",4,232,53,15,"#E8350F","transcribed","","Record shop","multi","multicolor",6,"review"
"retro_multi_04","retro",5,0,108,60,"#006C3C","transcribed","","Record shop","multi","multicolor",6,"review"
"retro_multi_04","retro",6,16,49,139,"#10318B","transcribed","","Record shop","multi","multicolor",6,"review"
"retro_multi_05","retro",1,146,158,81,"#929E51","transcribed","","Autumn archive","multi","multicolor",8,"transcribed"
"retro_multi_05","retro",2,245,171,124,"#F5AB7C","transcribed","","Autumn archive","multi","multicolor",8,"transcribed"
"retro_multi_05","retro",3,217,188,119,"#D9BC77","transcribed","","Autumn archive","multi","multicolor",8,"transcribed"
"retro_multi_05","retro",4,224,182,143,"#E0B68F","transcribed","","Autumn archive","multi","multicolor",8,"transcribed"
"retro_multi_05","retro",5,203,217,222,"#CBD9DE","transcribed","","Autumn archive","multi","multicolor",8,"transcribed"
"retro_multi_05","retro",6,29,80,162,"#1D50A2","transcribed","","Autumn archive","multi","multicolor",8,"transcribed"
"retro_multi_05","retro",7,242,204,22,"#F2CC16","transcribed","","Autumn archive","multi","multicolor",8,"transcribed"
"retro_multi_05","retro",8,195,62,71,"#C33E47","transcribed","","Autumn archive","multi","multicolor",8,"transcribed"
"retro_multi_06","retro",1,153,182,214,"#99B6D6","transcribed","","Twilight bouquet","multi","multicolor",6,"transcribed"
"retro_multi_06","retro",2,192,194,226,"#C0C2E2","transcribed","","Twilight bouquet","multi","multicolor",6,"transcribed"
"retro_multi_06","retro",3,140,138,178,"#8C8AB2","transcribed","","Twilight bouquet","multi","multicolor",6,"transcribed"
"retro_multi_06","retro",4,229,207,98,"#E5CF62","transcribed","","Twilight bouquet","multi","multicolor",6,"transcribed"
"retro_multi_06","retro",5,236,133,156,"#EC859C","transcribed","","Twilight bouquet","multi","multicolor",6,"transcribed"
"retro_multi_06","retro",6,246,192,211,"#F6C0D3","transcribed","","Twilight bouquet","multi","multicolor",6,"transcribed"
"retro_multi_07","retro",1,233,211,219,"#E9D3DB","transcribed","","Pastel garden","multi","multicolor",5,"review"
"retro_multi_07","retro",2,237,230,199,"#EDE6C7","review","Provisional reading of the pale cream RGB label; confirm all channels.","Pastel garden","multi","multicolor",5,"review"
"retro_multi_07","retro",3,158,187,216,"#9EBBD8","transcribed","","Pastel garden","multi","multicolor",5,"review"
"retro_multi_07","retro",4,239,211,89,"#EFD359","transcribed","","Pastel garden","multi","multicolor",5,"review"
"retro_multi_07","retro",5,113,167,46,"#71A72E","transcribed","","Pastel garden","multi","multicolor",5,"review"
"retro_multi_08","retro",1,0,100,171,"#0064AB","transcribed","","Seaside poster","multi","multicolor",6,"transcribed"
"retro_multi_08","retro",2,105,196,217,"#69C4D9","transcribed","","Seaside poster","multi","multicolor",6,"transcribed"
"retro_multi_08","retro",3,70,176,116,"#46B074","transcribed","","Seaside poster","multi","multicolor",6,"transcribed"
"retro_multi_08","retro",4,228,77,53,"#E44D35","transcribed","","Seaside poster","multi","multicolor",6,"transcribed"
"retro_multi_08","retro",5,244,201,43,"#F4C92B","transcribed","","Seaside poster","multi","multicolor",6,"transcribed"
"retro_multi_08","retro",6,182,218,207,"#B6DACF","transcribed","","Seaside poster","multi","multicolor",6,"transcribed"
"retro_multi_09","retro",1,39,52,140,"#27348C","transcribed","","Dusk to amber","multi","multicolor",6,"transcribed"
"retro_multi_09","retro",2,94,77,141,"#5E4D8D","transcribed","","Dusk to amber","multi","multicolor",6,"transcribed"
"retro_multi_09","retro",3,170,140,197,"#AA8CC5","transcribed","","Dusk to amber","multi","multicolor",6,"transcribed"
"retro_multi_09","retro",4,109,170,195,"#6DAAC3","transcribed","","Dusk to amber","multi","multicolor",6,"transcribed"
"retro_multi_09","retro",5,144,197,157,"#90C59D","transcribed","","Dusk to amber","multi","multicolor",6,"transcribed"
"retro_multi_09","retro",6,247,179,73,"#F7B349","transcribed","","Dusk to amber","multi","multicolor",6,"transcribed"
"retro_tri_01","retro",1,233,217,155,"#E9D99B","transcribed","","Meadow & sky","tri","tricolor",3,"transcribed"
"retro_tri_01","retro",2,0,172,102,"#00AC66","transcribed","","Meadow & sky","tri","tricolor",3,"transcribed"
"retro_tri_01","retro",3,128,205,231,"#80CDE7","transcribed","","Meadow & sky","tri","tricolor",3,"transcribed"
"retro_tri_02","retro",1,87,176,191,"#57B0BF","transcribed","","Harbor","tri","tricolor",3,"transcribed"
"retro_tri_02","retro",2,35,58,110,"#233A6E","transcribed","","Harbor","tri","tricolor",3,"transcribed"
"retro_tri_02","retro",3,230,191,125,"#E6BF7D","transcribed","","Harbor","tri","tricolor",3,"transcribed"
"retro_tri_03","retro",1,255,223,79,"#FFDF4F","transcribed","","Poolside","tri","tricolor",3,"transcribed"
"retro_tri_03","retro",2,153,212,215,"#99D4D7","transcribed","","Poolside","tri","tricolor",3,"transcribed"
"retro_tri_03","retro",3,242,152,120,"#F29878","transcribed","","Poolside","tri","tricolor",3,"transcribed"
"retro_tri_04","retro",1,238,118,59,"#EE763B","transcribed","","Orange soda","tri","tricolor",3,"review"
"retro_tri_04","retro",2,0,169,196,"#00A9C4","review","Provisional blue channel; the printed number may end in 5 or 6.","Orange soda","tri","tricolor",3,"review"
"retro_tri_04","retro",3,238,198,111,"#EEC66F","review","Provisional RGB reading; confirm the blurred golden swatch label.","Orange soda","tri","tricolor",3,"review"
"retro_tri_05","retro",1,132,105,152,"#846998","transcribed","","Plum, blue & crimson","tri","tricolor",3,"review"
"retro_tri_05","retro",2,0,127,174,"#007FAE","transcribed","","Plum, blue & crimson","tri","tricolor",3,"review"
"retro_tri_05","retro",3,229,13,43,"#E50D2B","review","Provisional RGB reading; confirm the small red label at the curved page edge.","Plum, blue & crimson","tri","tricolor",3,"review"
"retro_tri_06","retro",1,245,174,148,"#F5AE94","transcribed","","Peach orchard","tri","tricolor",3,"review"
"retro_tri_06","retro",2,158,78,82,"#9E4E52","transcribed","","Peach orchard","tri","tricolor",3,"review"
"retro_tri_06","retro",3,101,153,48,"#659930","review","Provisional RGB reading; confirm the blurred green label at the page edge.","Peach orchard","tri","tricolor",3,"review"
"retro_tri_07","retro",1,231,47,43,"#E72F2B","transcribed","","Crimson garden","tri","tricolor",3,"transcribed"
"retro_tri_07","retro",2,54,62,150,"#363E96","transcribed","","Crimson garden","tri","tricolor",3,"transcribed"
"retro_tri_07","retro",3,182,218,145,"#B6DA91","transcribed","","Crimson garden","tri","tricolor",3,"transcribed"
"retro_tri_08","retro",1,175,174,65,"#AFAE41","transcribed","","Harvest","tri","tricolor",3,"transcribed"
"retro_tri_08","retro",2,150,80,66,"#965042","transcribed","","Harvest","tri","tricolor",3,"transcribed"
"retro_tri_08","retro",3,237,208,63,"#EDD03F","transcribed","","Harvest","tri","tricolor",3,"transcribed"
"retro_tri_09","retro",1,230,230,230,"#E6E6E6","transcribed","","Steel & rust","tri","tricolor",3,"transcribed"
"retro_tri_09","retro",2,118,154,188,"#769ABC","transcribed","","Steel & rust","tri","tricolor",3,"transcribed"
"retro_tri_09","retro",3,203,78,64,"#CB4E40","transcribed","","Steel & rust","tri","tricolor",3,"transcribed"
"retro_tri_10","retro",1,0,83,75,"#00534B","transcribed","","Evergreen studio","tri","tricolor",3,"transcribed"
"retro_tri_10","retro",2,163,164,147,"#A3A493","transcribed","","Evergreen studio","tri","tricolor",3,"transcribed"
"retro_tri_10","retro",3,246,202,165,"#F6CAA5","transcribed","","Evergreen studio","tri","tricolor",3,"transcribed"
"retro_tri_11","retro",1,0,131,194,"#0083C2","transcribed","","Blue, walnut & lime","tri","tricolor",3,"transcribed"
"retro_tri_11","retro",2,135,98,77,"#87624D","transcribed","","Blue, walnut & lime","tri","tricolor",3,"transcribed"
"retro_tri_11","retro",3,227,229,48,"#E3E530","transcribed","","Blue, walnut & lime","tri","tricolor",3,"transcribed"
"retro_tri_12","retro",1,67,168,100,"#43A864","transcribed","","Garden party","tri","tricolor",3,"transcribed"
"retro_tri_12","retro",2,175,204,95,"#AFCC5F","transcribed","","Garden party","tri","tricolor",3,"transcribed"
"retro_tri_12","retro",3,234,84,92,"#EA545C","transcribed","","Garden party","tri","tricolor",3,"transcribed"
"retro_tri_13","retro",1,174,32,57,"#AE2039","transcribed","","Velvet","tri","tricolor",3,"transcribed"
"retro_tri_13","retro",2,2,100,103,"#026467","transcribed","","Velvet","tri","tricolor",3,"transcribed"
"retro_tri_13","retro",3,207,133,174,"#CF85AE","transcribed","","Velvet","tri","tricolor",3,"transcribed"
"retro_tri_14","retro",1,132,79,69,"#844F45","transcribed","","Coffeehouse","tri","tricolor",3,"transcribed"
"retro_tri_14","retro",2,195,181,158,"#C3B59E","transcribed","","Coffeehouse","tri","tricolor",3,"transcribed"
"retro_tri_14","retro",3,76,68,63,"#4C443F","transcribed","","Coffeehouse","tri","tricolor",3,"transcribed"
"retro_tri_15","retro",1,255,223,79,"#FFDF4F","transcribed","","Sunny field","tri","tricolor",3,"transcribed"
"retro_tri_15","retro",2,0,111,186,"#006FBA","transcribed","","Sunny field","tri","tricolor",3,"transcribed"
"retro_tri_15","retro",3,182,218,145,"#B6DA91","transcribed","","Sunny field","tri","tricolor",3,"transcribed"
"retro_tri_16","retro",1,188,224,231,"#BCE0E7","transcribed","","Sky, leaf & red","tri","tricolor",3,"transcribed"
"retro_tri_16","retro",2,141,193,99,"#8DC163","transcribed","","Sky, leaf & red","tri","tricolor",3,"transcribed"
"retro_tri_16","retro",3,217,40,23,"#D92817","transcribed","","Sky, leaf & red","tri","tricolor",3,"transcribed"
"retro_tri_17","retro",1,146,151,90,"#92975A","transcribed","","Quiet olive","tri","tricolor",3,"transcribed"
"retro_tri_17","retro",2,201,202,202,"#C9CACA","transcribed","","Quiet olive","tri","tricolor",3,"transcribed"
"retro_tri_17","retro",3,244,235,227,"#F4EBE3","transcribed","","Quiet olive","tri","tricolor",3,"transcribed"
"retro_tri_18","retro",1,0,88,70,"#005846","transcribed","","Forest & brass","tri","tricolor",3,"transcribed"
"retro_tri_18","retro",2,177,134,38,"#B18626","transcribed","","Forest & brass","tri","tricolor",3,"transcribed"
"retro_tri_18","retro",3,191,192,192,"#BFC0C0","transcribed","","Forest & brass","tri","tricolor",3,"transcribed"
"retro_tri_19","retro",1,230,25,25,"#E61919","transcribed","","Primary print","tri","tricolor",3,"transcribed"
"retro_tri_19","retro",2,251,196,0,"#FBC400","transcribed","","Primary print","tri","tricolor",3,"transcribed"
"retro_tri_19","retro",3,0,73,144,"#004990","transcribed","","Primary print","tri","tricolor",3,"transcribed"
"retro_tri_20","retro",1,48,166,223,"#30A6DF","transcribed","","Blue hour","tri","tricolor",3,"transcribed"
"retro_tri_20","retro",2,26,81,163,"#1A51A3","transcribed","","Blue hour","tri","tricolor",3,"transcribed"
"retro_tri_20","retro",3,95,92,167,"#5F5CA7","transcribed","","Blue hour","tri","tricolor",3,"transcribed"
"retro_tri_21","retro",1,126,139,93,"#7E8B5D","transcribed","","Woodland","tri","tricolor",3,"transcribed"
"retro_tri_21","retro",2,0,83,59,"#00533B","transcribed","","Woodland","tri","tricolor",3,"transcribed"
"retro_tri_21","retro",3,190,176,154,"#BEB09A","transcribed","","Woodland","tri","tricolor",3,"transcribed"
